CustomerID,Age,MonthlyCharges,City,ContractType,Education,IsActive,HighCardinalityFeature,Churn,Churn_Copy
CUST-000000,,30.0,Riyadh,monthly,primary,True,sku_0,1,1
CUST-000001,23.0,31.37,Jeddah,annual,secondary,False,sku_1,0,0
CUST-000002,24.0,32.74,Dammam,two_year,tertiary,True,sku_2,0,0
CUST-000003,25.0,34.11,Riyadh,monthly,primary,False,sku_3,0,0
CUST-000004,26.0,35.48,Jeddah,annual,secondary,True,sku_4,0,0
CUST-000005,27.0,36.85,Dammam,two_year,tertiary,False,sku_5,1,1
CUST-000006,28.0,38.22,Riyadh,monthly,primary,True,sku_6,0,0
CUST-000007,29.0,39.59,Jeddah,annual,secondary,False,sku_7,0,0
CUST-000008,30.0,40.96,Dammam,two_year,tertiary,True,sku_8,0,0
CUST-000009,31.0,42.33,Riyadh,monthly,primary,False,sku_9,0,0
CUST-000010,32.0,43.7,Jeddah,annual,secondary,True,sku_10,1,1
CUST-000011,,45.07,Dammam,two_year,tertiary,False,sku_11,0,0
CUST-000012,34.0,46.44,Riyadh,monthly,primary,True,sku_12,0,0
CUST-000013,35.0,47.81,Jeddah,annual,secondary,False,sku_13,0,0
CUST-000014,36.0,49.18,Dammam,two_year,tertiary,True,sku_14,0,0
CUST-000015,37.0,50.55,Riyadh,monthly,primary,False,sku_15,1,1
CUST-000016,38.0,51.92,Jeddah,annual,secondary,True,sku_16,0,0
CUST-000017,39.0,53.29,Dammam,two_year,tertiary,False,sku_17,0,0
CUST-000018,40.0,54.66,Riyadh,monthly,primary,True,sku_18,0,0
CUST-000019,41.0,56.03,Jeddah,annual,secondary,False,sku_19,0,0
CUST-000020,42.0,57.4,Dammam,two_year,tertiary,True,sku_20,1,1
CUST-000021,43.0,58.77,Riyadh,monthly,primary,False,sku_21,0,0
CUST-000022,,60.14,Jeddah,annual,secondary,True,sku_22,0,0
CUST-000023,45.0,61.51,Dammam,two_year,tertiary,False,sku_23,0,0
CUST-000024,46.0,62.88,Riyadh,monthly,primary,True,sku_24,0,0
CUST-000025,47.0,64.25,Jeddah,annual,secondary,False,sku_25,1,1
CUST-000026,48.0,65.62,Dammam,two_year,tertiary,True,sku_26,0,0
CUST-000027,49.0,66.99,Riyadh,monthly,primary,False,sku_27,0,0
CUST-000028,50.0,68.36,Jeddah,annual,secondary,True,sku_28,0,0
CUST-000029,51.0,69.73,Dammam,two_year,tertiary,False,sku_29,0,0
CUST-000030,52.0,71.1,Riyadh,monthly,primary,True,sku_30,1,1
CUST-000031,53.0,72.47,Jeddah,annual,secondary,False,sku_31,0,0
CUST-000032,54.0,73.84,Dammam,two_year,tertiary,True,sku_32,0,0
CUST-000033,,75.21,Riyadh,monthly,primary,False,sku_33,0,0
CUST-000034,56.0,76.58,Jeddah,annual,secondary,True,sku_34,0,0
CUST-000035,57.0,77.95,Dammam,two_year,tertiary,False,sku_35,1,1
CUST-000036,58.0,79.32,Riyadh,monthly,primary,True,sku_36,0,0
CUST-000037,59.0,80.69,Jeddah,annual,secondary,False,sku_37,0,0
CUST-000038,60.0,82.06,Dammam,two_year,tertiary,True,sku_38,0,0
CUST-000039,61.0,83.43,Riyadh,monthly,primary,False,sku_39,0,0
CUST-000040,62.0,84.8,Jeddah,annual,secondary,True,sku_40,1,1
CUST-000041,63.0,86.17,Dammam,two_year,tertiary,False,sku_41,0,0
CUST-000042,64.0,87.54,Riyadh,monthly,primary,True,sku_42,0,0
CUST-000043,65.0,88.91,Jeddah,annual,secondary,False,sku_43,0,0
CUST-000044,,90.28,Dammam,two_year,tertiary,True,sku_44,0,0
CUST-000045,67.0,91.65,Riyadh,monthly,primary,False,sku_45,1,1
CUST-000046,68.0,93.02,Jeddah,annual,secondary,True,sku_46,0,0
CUST-000047,22.0,94.39,Dammam,two_year,tertiary,False,sku_47,0,0
CUST-000048,23.0,95.76,Riyadh,monthly,primary,True,sku_48,0,0
CUST-000049,24.0,97.13,Jeddah,annual,secondary,False,sku_49,0,0
CUST-000050,25.0,98.5,Dammam,two_year,tertiary,True,sku_50,1,1
CUST-000051,26.0,99.87,Riyadh,monthly,primary,False,sku_51,0,0
CUST-000052,27.0,101.24,Jeddah,annual,secondary,True,sku_52,0,0
CUST-000053,28.0,102.61,Dammam,two_year,tertiary,False,sku_53,0,0
CUST-000054,29.0,103.98,Riyadh,monthly,primary,True,sku_54,0,0
CUST-000055,,105.35,Jeddah,annual,secondary,False,sku_55,1,1
CUST-000056,31.0,106.72,Dammam,two_year,tertiary,True,sku_56,0,0
CUST-000057,32.0,108.09,Riyadh,monthly,primary,False,sku_57,0,0
CUST-000058,33.0,109.46,Jeddah,annual,secondary,True,sku_58,0,0
CUST-000059,34.0,110.83,Dammam,two_year,tertiary,False,sku_59,0,0
CUST-000060,35.0,112.2,Riyadh,monthly,primary,True,sku_60,1,1
CUST-000061,36.0,113.57,Jeddah,annual,secondary,False,sku_61,0,0
CUST-000062,37.0,114.94,Dammam,two_year,tertiary,True,sku_62,0,0
CUST-000063,38.0,116.31,Riyadh,monthly,primary,False,sku_63,0,0
CUST-000064,39.0,117.68,Jeddah,annual,secondary,True,sku_64,0,0
CUST-000065,40.0,119.05,Dammam,two_year,tertiary,False,sku_65,1,1
CUST-000066,,120.42,Riyadh,monthly,primary,True,sku_66,0,0
CUST-000067,42.0,121.79,Jeddah,annual,secondary,False,sku_67,0,0
CUST-000068,43.0,123.16,Dammam,two_year,tertiary,True,sku_68,0,0
CUST-000069,44.0,124.53,Riyadh,monthly,primary,False,sku_69,0,0
CUST-000070,45.0,125.9,Jeddah,annual,secondary,True,sku_70,1,1
CUST-000071,46.0,127.27,Dammam,two_year,tertiary,False,sku_71,0,0
CUST-000072,47.0,128.64,Riyadh,monthly,primary,True,sku_72,0,0
CUST-000073,48.0,130.01,Jeddah,annual,secondary,False,sku_73,0,0
CUST-000074,49.0,131.38,Dammam,two_year,tertiary,True,sku_74,0,0
CUST-000075,50.0,132.75,Riyadh,monthly,primary,False,sku_75,1,1
CUST-000076,51.0,134.12,Jeddah,annual,secondary,True,sku_76,0,0
CUST-000077,,135.49,Dammam,two_year,tertiary,False,sku_77,0,0
CUST-000078,53.0,136.86,Riyadh,monthly,primary,True,sku_78,0,0
CUST-000079,54.0,138.23,Jeddah,annual,secondary,False,sku_79,0,0
CUST-000080,55.0,139.6,Dammam,two_year,tertiary,True,sku_80,1,1
CUST-000081,56.0,140.97,Riyadh,monthly,primary,False,sku_81,0,0
CUST-000082,57.0,142.34,Jeddah,annual,secondary,True,sku_82,0,0
CUST-000083,58.0,30.0,Dammam,two_year,tertiary,False,sku_83,0,0
CUST-000084,59.0,31.37,Riyadh,monthly,primary,True,sku_84,0,0
CUST-000085,60.0,32.74,Jeddah,annual,secondary,False,sku_85,1,1
CUST-000086,61.0,34.11,Dammam,two_year,tertiary,True,sku_86,0,0
CUST-000087,62.0,35.48,Riyadh,monthly,primary,False,sku_87,0,0
CUST-000088,,36.85,Jeddah,annual,secondary,True,sku_88,0,0
CUST-000089,64.0,38.22,Dammam,two_year,tertiary,False,sku_89,0,0
CUST-000090,65.0,39.59,Riyadh,monthly,primary,True,sku_90,1,1
CUST-000091,66.0,40.96,Jeddah,annual,secondary,False,sku_91,0,0
CUST-000092,67.0,42.33,Dammam,two_year,tertiary,True,sku_92,0,0
CUST-000093,68.0,43.7,Riyadh,monthly,primary,False,sku_93,0,0
CUST-000094,22.0,45.07,Jeddah,annual,secondary,True,sku_94,0,0
CUST-000095,23.0,46.44,Dammam,two_year,tertiary,False,sku_95,1,1
CUST-000096,24.0,47.81,Riyadh,monthly,primary,True,sku_96,0,0
CUST-000097,25.0,49.18,Jeddah,annual,secondary,False,sku_97,0,0
CUST-000098,26.0,50.55,Dammam,two_year,tertiary,True,sku_98,0,0
CUST-000099,,51.92,Riyadh,monthly,primary,False,sku_99,0,0
CUST-000100,28.0,53.29,Jeddah,annual,secondary,True,sku_100,1,1
CUST-000101,29.0,54.66,Dammam,two_year,tertiary,False,sku_101,0,0
CUST-000102,30.0,56.03,Riyadh,monthly,primary,True,sku_102,0,0
CUST-000103,31.0,57.4,Jeddah,annual,secondary,False,sku_103,0,0
CUST-000104,32.0,58.77,Dammam,two_year,tertiary,True,sku_104,0,0
CUST-000105,33.0,60.14,Riyadh,monthly,primary,False,sku_105,1,1
CUST-000106,34.0,61.51,Jeddah,annual,secondary,True,sku_106,0,0
CUST-000107,35.0,62.88,Dammam,two_year,tertiary,False,sku_107,0,0
CUST-000108,36.0,64.25,Riyadh,monthly,primary,True,sku_108,0,0
CUST-000109,37.0,65.62,Jeddah,annual,secondary,False,sku_109,0,0
CUST-000110,,66.99,Dammam,two_year,tertiary,True,sku_110,1,1
CUST-000111,39.0,68.36,Riyadh,monthly,primary,False,sku_111,0,0
CUST-000112,40.0,69.73,Jeddah,annual,secondary,True,sku_112,0,0
CUST-000113,41.0,71.1,Dammam,two_year,tertiary,False,sku_113,0,0
CUST-000114,42.0,72.47,Riyadh,monthly,primary,True,sku_114,0,0
CUST-000115,43.0,73.84,Jeddah,annual,secondary,False,sku_115,1,1
CUST-000116,44.0,75.21,Dammam,two_year,tertiary,True,sku_116,0,0
CUST-000117,45.0,76.58,Riyadh,monthly,primary,False,sku_117,0,0
CUST-000118,46.0,77.95,Jeddah,annual,secondary,True,sku_118,0,0
CUST-000119,47.0,79.32,Dammam,two_year,tertiary,False,sku_119,0,0
CUST-000120,48.0,80.69,Riyadh,monthly,primary,True,sku_120,1,1
CUST-000121,,82.06,Jeddah,annual,secondary,False,sku_121,0,0
CUST-000122,50.0,83.43,Dammam,two_year,tertiary,True,sku_122,0,0
CUST-000123,51.0,84.8,Riyadh,monthly,primary,False,sku_123,0,0
CUST-000124,52.0,86.17,Jeddah,annual,secondary,True,sku_124,0,0
CUST-000125,53.0,87.54,Dammam,two_year,tertiary,False,sku_125,1,1
CUST-000126,54.0,88.91,Riyadh,monthly,primary,True,sku_126,0,0
CUST-000127,55.0,90.28,Jeddah,annual,secondary,False,sku_127,0,0
CUST-000128,56.0,91.65,Dammam,two_year,tertiary,True,sku_128,0,0
CUST-000129,57.0,93.02,Riyadh,monthly,primary,False,sku_129,0,0
CUST-000130,58.0,94.39,Jeddah,annual,secondary,True,sku_130,1,1
CUST-000131,59.0,95.76,Dammam,two_year,tertiary,False,sku_131,0,0
CUST-000132,,97.13,Riyadh,monthly,primary,True,sku_132,0,0
CUST-000133,61.0,98.5,Jeddah,annual,secondary,False,sku_133,0,0
CUST-000134,62.0,99.87,Dammam,two_year,tertiary,True,sku_134,0,0
CUST-000135,63.0,101.24,Riyadh,monthly,primary,False,sku_135,1,1
CUST-000136,64.0,102.61,Jeddah,annual,secondary,True,sku_136,0,0
CUST-000137,65.0,103.98,Dammam,two_year,tertiary,False,sku_137,0,0
CUST-000138,66.0,105.35,Riyadh,monthly,primary,True,sku_138,0,0
CUST-000139,67.0,106.72,Jeddah,annual,secondary,False,sku_139,0,0
CUST-000140,68.0,108.09,Dammam,two_year,tertiary,True,sku_140,1,1
CUST-000141,22.0,109.46,Riyadh,monthly,primary,False,sku_141,0,0
CUST-000142,23.0,110.83,Jeddah,annual,secondary,True,sku_142,0,0
CUST-000143,,112.2,Dammam,two_year,tertiary,False,sku_143,0,0
CUST-000144,25.0,113.57,Riyadh,monthly,primary,True,sku_144,0,0
CUST-000145,26.0,114.94,Jeddah,annual,secondary,False,sku_145,1,1
CUST-000146,27.0,116.31,Dammam,two_year,tertiary,True,sku_146,0,0
CUST-000147,28.0,117.68,Riyadh,monthly,primary,False,sku_147,0,0
CUST-000148,29.0,119.05,Jeddah,annual,secondary,True,sku_148,0,0
CUST-000149,30.0,120.42,Dammam,two_year,tertiary,False,sku_149,0,0
CUST-000150,31.0,121.79,Riyadh,monthly,primary,True,sku_150,1,1
CUST-000151,32.0,123.16,Jeddah,annual,secondary,False,sku_151,0,0
CUST-000152,33.0,124.53,Dammam,two_year,tertiary,True,sku_152,0,0
CUST-000153,34.0,125.9,Riyadh,monthly,primary,False,sku_153,0,0
CUST-000154,,127.27,Jeddah,annual,secondary,True,sku_154,0,0
CUST-000155,36.0,128.64,Dammam,two_year,tertiary,False,sku_155,1,1
CUST-000156,37.0,130.01,Riyadh,monthly,primary,True,sku_156,0,0
CUST-000157,38.0,131.38,Jeddah,annual,secondary,False,sku_157,0,0
CUST-000158,39.0,132.75,Dammam,two_year,tertiary,True,sku_158,0,0
CUST-000159,40.0,134.12,Riyadh,monthly,primary,False,sku_159,0,0
CUST-000160,41.0,135.49,Jeddah,annual,secondary,True,sku_160,1,1
CUST-000161,42.0,136.86,Dammam,two_year,tertiary,False,sku_161,0,0
CUST-000162,43.0,138.23,Riyadh,monthly,primary,True,sku_162,0,0
CUST-000163,44.0,139.6,Jeddah,annual,secondary,False,sku_163,0,0
CUST-000164,45.0,140.97,Dammam,two_year,tertiary,True,sku_164,0,0
CUST-000165,,142.34,Riyadh,monthly,primary,False,sku_165,1,1
CUST-000166,47.0,30.0,Jeddah,annual,secondary,True,sku_166,0,0
CUST-000167,48.0,31.37,Dammam,two_year,tertiary,False,sku_167,0,0
CUST-000168,49.0,32.74,Riyadh,monthly,primary,True,sku_168,0,0
CUST-000169,50.0,34.11,Jeddah,annual,secondary,False,sku_169,0,0
CUST-000170,51.0,35.48,Dammam,two_year,tertiary,True,sku_170,1,1
CUST-000171,52.0,36.85,Riyadh,monthly,primary,False,sku_171,0,0
CUST-000172,53.0,38.22,Jeddah,annual,secondary,True,sku_172,0,0
CUST-000173,54.0,39.59,Dammam,two_year,tertiary,False,sku_173,0,0
CUST-000174,55.0,40.96,Riyadh,monthly,primary,True,sku_174,0,0
CUST-000175,56.0,42.33,Jeddah,annual,secondary,False,sku_175,1,1
CUST-000176,,43.7,Dammam,two_year,tertiary,True,sku_176,0,0
CUST-000177,58.0,45.07,Riyadh,monthly,primary,False,sku_177,0,0
CUST-000178,59.0,46.44,Jeddah,annual,secondary,True,sku_178,0,0
CUST-000179,60.0,47.81,Dammam,two_year,tertiary,False,sku_179,0,0
CUST-000180,61.0,49.18,Riyadh,monthly,primary,True,sku_180,1,1
CUST-000181,62.0,50.55,Jeddah,annual,secondary,False,sku_181,0,0
CUST-000182,63.0,51.92,Dammam,two_year,tertiary,True,sku_182,0,0
CUST-000183,64.0,53.29,Riyadh,monthly,primary,False,sku_183,0,0
CUST-000184,65.0,54.66,Jeddah,annual,secondary,True,sku_184,0,0
CUST-000185,66.0,56.03,Dammam,two_year,tertiary,False,sku_185,1,1
CUST-000186,67.0,57.4,Riyadh,monthly,primary,True,sku_186,0,0
CUST-000187,,58.77,Jeddah,annual,secondary,False,sku_187,0,0
CUST-000188,22.0,60.14,Dammam,two_year,tertiary,True,sku_188,0,0
CUST-000189,23.0,61.51,Riyadh,monthly,primary,False,sku_189,0,0
CUST-000190,24.0,62.88,Jeddah,annual,secondary,True,sku_190,1,1
CUST-000191,25.0,64.25,Dammam,two_year,tertiary,False,sku_191,0,0
CUST-000192,26.0,65.62,Riyadh,monthly,primary,True,sku_192,0,0
CUST-000193,27.0,66.99,Jeddah,annual,secondary,False,sku_193,0,0
CUST-000194,28.0,68.36,Dammam,two_year,tertiary,True,sku_194,0,0
CUST-000195,29.0,69.73,Riyadh,monthly,primary,False,sku_195,1,1
CUST-000196,30.0,71.1,Jeddah,annual,secondary,True,sku_196,0,0
CUST-000197,31.0,72.47,Dammam,two_year,tertiary,False,sku_197,0,0
CUST-000198,,73.84,Riyadh,monthly,primary,True,sku_198,0,0
CUST-000199,33.0,75.21,Jeddah,annual,secondary,False,sku_199,0,0
CUST-000200,34.0,76.58,Dammam,two_year,tertiary,True,sku_200,1,1
CUST-000201,35.0,77.95,Riyadh,monthly,primary,False,sku_201,0,0
CUST-000202,36.0,79.32,Jeddah,annual,secondary,True,sku_202,0,0
CUST-000203,37.0,80.69,Dammam,two_year,tertiary,False,sku_203,0,0
CUST-000204,38.0,82.06,Riyadh,monthly,primary,True,sku_204,0,0
CUST-000205,39.0,83.43,Jeddah,annual,secondary,False,sku_205,1,1
CUST-000206,40.0,84.8,Dammam,two_year,tertiary,True,sku_206,0,0
CUST-000207,41.0,86.17,Riyadh,monthly,primary,False,sku_207,0,0
CUST-000208,42.0,87.54,Jeddah,annual,secondary,True,sku_208,0,0
CUST-000209,,88.91,Dammam,two_year,tertiary,False,sku_209,0,0
CUST-000210,44.0,90.28,Riyadh,monthly,primary,True,sku_210,1,1
CUST-000211,45.0,91.65,Jeddah,annual,secondary,False,sku_211,0,0
CUST-000212,46.0,93.02,Dammam,two_year,tertiary,True,sku_212,0,0
CUST-000213,47.0,94.39,Riyadh,monthly,primary,False,sku_213,0,0
CUST-000214,48.0,95.76,Jeddah,annual,secondary,True,sku_214,0,0
CUST-000215,49.0,97.13,Dammam,two_year,tertiary,False,sku_215,1,1
CUST-000216,50.0,98.5,Riyadh,monthly,primary,True,sku_216,0,0
CUST-000217,51.0,99.87,Jeddah,annual,secondary,False,sku_217,0,0
CUST-000218,52.0,101.24,Dammam,two_year,tertiary,True,sku_218,0,0
CUST-000219,53.0,102.61,Riyadh,monthly,primary,False,sku_219,0,0
CUST-000220,,103.98,Jeddah,annual,secondary,True,sku_0,1,1
CUST-000221,55.0,105.35,Dammam,two_year,tertiary,False,sku_1,0,0
CUST-000222,56.0,106.72,Riyadh,monthly,primary,True,sku_2,0,0
CUST-000223,57.0,108.09,Jeddah,annual,secondary,False,sku_3,0,0
CUST-000224,58.0,109.46,Dammam,two_year,tertiary,True,sku_4,0,0
CUST-000225,59.0,110.83,Riyadh,monthly,primary,False,sku_5,1,1
CUST-000226,60.0,112.2,Jeddah,annual,secondary,True,sku_6,0,0
CUST-000227,61.0,113.57,Dammam,two_year,tertiary,False,sku_7,0,0
CUST-000228,62.0,114.94,Riyadh,monthly,primary,True,sku_8,0,0
CUST-000229,63.0,116.31,Jeddah,annual,secondary,False,sku_9,0,0
CUST-000230,64.0,117.68,Dammam,two_year,tertiary,True,sku_10,1,1
CUST-000231,,119.05,Riyadh,monthly,primary,False,sku_11,0,0
CUST-000232,66.0,120.42,Jeddah,annual,secondary,True,sku_12,0,0
CUST-000233,67.0,121.79,Dammam,two_year,tertiary,False,sku_13,0,0
CUST-000234,68.0,123.16,Riyadh,monthly,primary,True,sku_14,0,0
CUST-000235,22.0,124.53,Jeddah,annual,secondary,False,sku_15,1,1
CUST-000236,23.0,125.9,Dammam,two_year,tertiary,True,sku_16,0,0
CUST-000237,24.0,127.27,Riyadh,monthly,primary,False,sku_17,0,0
CUST-000238,25.0,128.64,Jeddah,annual,secondary,True,sku_18,0,0
CUST-000239,26.0,130.01,Dammam,two_year,tertiary,False,sku_19,0,0
CUST-000240,27.0,131.38,Riyadh,monthly,primary,True,sku_20,1,1
CUST-000241,28.0,132.75,Jeddah,annual,secondary,False,sku_21,0,0
CUST-000242,,134.12,Dammam,two_year,tertiary,True,sku_22,0,0
CUST-000243,30.0,135.49,Riyadh,monthly,primary,False,sku_23,0,0
CUST-000244,31.0,136.86,Jeddah,annual,secondary,True,sku_24,0,0
CUST-000245,32.0,138.23,Dammam,two_year,tertiary,False,sku_25,1,1
CUST-000246,33.0,139.6,Riyadh,monthly,primary,True,sku_26,0,0
CUST-000247,34.0,140.97,Jeddah,annual,secondary,False,sku_27,0,0
CUST-000248,35.0,142.34,Dammam,two_year,tertiary,True,sku_28,0,0
CUST-000249,36.0,30.0,Riyadh,monthly,primary,False,sku_29,0,0
CUST-000250,37.0,31.37,Jeddah,annual,secondary,True,sku_30,1,1
CUST-000251,38.0,32.74,Dammam,two_year,tertiary,False,sku_31,0,0
CUST-000252,39.0,34.11,Riyadh,monthly,primary,True,sku_32,0,0
CUST-000253,,35.48,Jeddah,annual,secondary,False,sku_33,0,0
CUST-000254,41.0,36.85,Dammam,two_year,tertiary,True,sku_34,0,0
CUST-000255,42.0,38.22,Riyadh,monthly,primary,False,sku_35,1,1
CUST-000256,43.0,39.59,Jeddah,annual,secondary,True,sku_36,0,0
CUST-000257,44.0,40.96,Dammam,two_year,tertiary,False,sku_37,0,0
CUST-000258,45.0,42.33,Riyadh,monthly,primary,True,sku_38,0,0
CUST-000259,46.0,43.7,Jeddah,annual,secondary,False,sku_39,0,0
CUST-000260,47.0,45.07,Dammam,two_year,tertiary,True,sku_40,1,1
CUST-000261,48.0,46.44,Riyadh,monthly,primary,False,sku_41,0,0
CUST-000262,49.0,47.81,Jeddah,annual,secondary,True,sku_42,0,0
CUST-000263,50.0,49.18,Dammam,two_year,tertiary,False,sku_43,0,0
CUST-000264,,50.55,Riyadh,monthly,primary,True,sku_44,0,0
CUST-000265,52.0,51.92,Jeddah,annual,secondary,False,sku_45,1,1
CUST-000266,53.0,53.29,Dammam,two_year,tertiary,True,sku_46,0,0
CUST-000267,54.0,54.66,Riyadh,monthly,primary,False,sku_47,0,0
CUST-000268,55.0,56.03,Jeddah,annual,secondary,True,sku_48,0,0
CUST-000269,56.0,57.4,Dammam,two_year,tertiary,False,sku_49,0,0
CUST-000270,57.0,58.77,Riyadh,monthly,primary,True,sku_50,1,1
CUST-000271,58.0,60.14,Jeddah,annual,secondary,False,sku_51,0,0
CUST-000272,59.0,61.51,Dammam,two_year,tertiary,True,sku_52,0,0
CUST-000273,60.0,62.88,Riyadh,monthly,primary,False,sku_53,0,0
CUST-000274,61.0,64.25,Jeddah,annual,secondary,True,sku_54,0,0
CUST-000275,,65.62,Dammam,two_year,tertiary,False,sku_55,1,1
CUST-000276,63.0,66.99,Riyadh,monthly,primary,True,sku_56,0,0
CUST-000277,64.0,68.36,Jeddah,annual,secondary,False,sku_57,0,0
CUST-000278,65.0,69.73,Dammam,two_year,tertiary,True,sku_58,0,0
CUST-000279,66.0,71.1,Riyadh,monthly,primary,False,sku_59,0,0
CUST-000280,67.0,72.47,Jeddah,annual,secondary,True,sku_60,1,1
CUST-000281,68.0,73.84,Dammam,two_year,tertiary,False,sku_61,0,0
CUST-000282,22.0,75.21,Riyadh,monthly,primary,True,sku_62,0,0
CUST-000283,23.0,76.58,Jeddah,annual,secondary,False,sku_63,0,0
CUST-000284,24.0,77.95,Dammam,two_year,tertiary,True,sku_64,0,0
CUST-000285,25.0,79.32,Riyadh,monthly,primary,False,sku_65,1,1
CUST-000286,,80.69,Jeddah,annual,secondary,True,sku_66,0,0
CUST-000287,27.0,82.06,Dammam,two_year,tertiary,False,sku_67,0,0
CUST-000288,28.0,83.43,Riyadh,monthly,primary,True,sku_68,0,0
CUST-000289,29.0,84.8,Jeddah,annual,secondary,False,sku_69,0,0
CUST-000290,30.0,86.17,Dammam,two_year,tertiary,True,sku_70,1,1
CUST-000291,31.0,87.54,Riyadh,monthly,primary,False,sku_71,0,0
CUST-000292,32.0,88.91,Jeddah,annual,secondary,True,sku_72,0,0
CUST-000293,33.0,90.28,Dammam,two_year,tertiary,False,sku_73,0,0
CUST-000294,34.0,91.65,Riyadh,monthly,primary,True,sku_74,0,0
CUST-000295,35.0,93.02,Jeddah,annual,secondary,False,sku_75,1,1
CUST-000296,36.0,94.39,Dammam,two_year,tertiary,True,sku_76,0,0
CUST-000297,,95.76,Riyadh,monthly,primary,False,sku_77,0,0
CUST-000298,38.0,97.13,Jeddah,annual,secondary,True,sku_78,0,0
CUST-000299,39.0,98.5,Dammam,two_year,tertiary,False,sku_79,0,0
CUST-000300,40.0,99.87,Riyadh,monthly,primary,True,sku_80,1,1
CUST-000301,41.0,101.24,Jeddah,annual,secondary,False,sku_81,0,0
CUST-000302,42.0,102.61,Dammam,two_year,tertiary,True,sku_82,0,0
CUST-000303,43.0,103.98,Riyadh,monthly,primary,False,sku_83,0,0
CUST-000304,44.0,105.35,Jeddah,annual,secondary,True,sku_84,0,0
CUST-000305,45.0,106.72,Dammam,two_year,tertiary,False,sku_85,1,1
CUST-000306,46.0,108.09,Riyadh,monthly,primary,True,sku_86,0,0
CUST-000307,47.0,109.46,Jeddah,annual,secondary,False,sku_87,0,0
CUST-000308,,110.83,Dammam,two_year,tertiary,True,sku_88,0,0
CUST-000309,49.0,112.2,Riyadh,monthly,primary,False,sku_89,0,0
CUST-000310,50.0,113.57,Jeddah,annual,secondary,True,sku_90,1,1
CUST-000311,51.0,114.94,Dammam,two_year,tertiary,False,sku_91,0,0
CUST-000312,52.0,116.31,Riyadh,monthly,primary,True,sku_92,0,0
CUST-000313,53.0,117.68,Jeddah,annual,secondary,False,sku_93,0,0
CUST-000314,54.0,119.05,Dammam,two_year,tertiary,True,sku_94,0,0
CUST-000315,55.0,120.42,Riyadh,monthly,primary,False,sku_95,1,1
CUST-000316,56.0,121.79,Jeddah,annual,secondary,True,sku_96,0,0
CUST-000317,57.0,123.16,Dammam,two_year,tertiary,False,sku_97,0,0
CUST-000318,58.0,124.53,Riyadh,monthly,primary,True,sku_98,0,0
CUST-000319,,125.9,Jeddah,annual,secondary,False,sku_99,0,0
CUST-000320,60.0,127.27,Dammam,two_year,tertiary,True,sku_100,1,1
CUST-000321,61.0,128.64,Riyadh,monthly,primary,False,sku_101,0,0
CUST-000322,62.0,130.01,Jeddah,annual,secondary,True,sku_102,0,0
CUST-000323,63.0,131.38,Dammam,two_year,tertiary,False,sku_103,0,0
CUST-000324,64.0,132.75,Riyadh,monthly,primary,True,sku_104,0,0
CUST-000325,65.0,134.12,Jeddah,annual,secondary,False,sku_105,1,1
CUST-000326,66.0,135.49,Dammam,two_year,tertiary,True,sku_106,0,0
CUST-000327,67.0,136.86,Riyadh,monthly,primary,False,sku_107,0,0
CUST-000328,68.0,138.23,Jeddah,annual,secondary,True,sku_108,0,0
CUST-000329,22.0,139.6,Dammam,two_year,tertiary,False,sku_109,0,0
CUST-000330,,140.97,Riyadh,monthly,primary,True,sku_110,1,1
CUST-000331,24.0,142.34,Jeddah,annual,secondary,False,sku_111,0,0
CUST-000332,25.0,30.0,Dammam,two_year,tertiary,True,sku_112,0,0
CUST-000333,26.0,31.37,Riyadh,monthly,primary,False,sku_113,0,0
CUST-000334,27.0,32.74,Jeddah,annual,secondary,True,sku_114,0,0
CUST-000335,28.0,34.11,Dammam,two_year,tertiary,False,sku_115,1,1
CUST-000336,29.0,35.48,Riyadh,monthly,primary,True,sku_116,0,0
CUST-000337,30.0,36.85,Jeddah,annual,secondary,False,sku_117,0,0
CUST-000338,31.0,38.22,Dammam,two_year,tertiary,True,sku_118,0,0
CUST-000339,32.0,39.59,Riyadh,monthly,primary,False,sku_119,0,0
CUST-000340,33.0,40.96,Jeddah,annual,secondary,True,sku_120,1,1
CUST-000341,,42.33,Dammam,two_year,tertiary,False,sku_121,0,0
CUST-000342,35.0,43.7,Riyadh,monthly,primary,True,sku_122,0,0
CUST-000343,36.0,45.07,Jeddah,annual,secondary,False,sku_123,0,0
CUST-000344,37.0,46.44,Dammam,two_year,tertiary,True,sku_124,0,0
CUST-000345,38.0,47.81,Riyadh,monthly,primary,False,sku_125,1,1
CUST-000346,39.0,49.18,Jeddah,annual,secondary,True,sku_126,0,0
CUST-000347,40.0,50.55,Dammam,two_year,tertiary,False,sku_127,0,0
CUST-000348,41.0,51.92,Riyadh,monthly,primary,True,sku_128,0,0
CUST-000349,42.0,53.29,Jeddah,annual,secondary,False,sku_129,0,0
CUST-000350,43.0,54.66,Dammam,two_year,tertiary,True,sku_130,1,1
CUST-000351,44.0,56.03,Riyadh,monthly,primary,False,sku_131,0,0
CUST-000352,,57.4,Jeddah,annual,secondary,True,sku_132,0,0
CUST-000353,46.0,58.77,Dammam,two_year,tertiary,False,sku_133,0,0
CUST-000354,47.0,60.14,Riyadh,monthly,primary,True,sku_134,0,0
CUST-000355,48.0,61.51,Jeddah,annual,secondary,False,sku_135,1,1
CUST-000356,49.0,62.88,Dammam,two_year,tertiary,True,sku_136,0,0
CUST-000357,50.0,64.25,Riyadh,monthly,primary,False,sku_137,0,0
CUST-000358,51.0,65.62,Jeddah,annual,secondary,True,sku_138,0,0
CUST-000359,52.0,66.99,Dammam,two_year,tertiary,False,sku_139,0,0
CUST-000360,53.0,68.36,Riyadh,monthly,primary,True,sku_140,1,1
CUST-000361,54.0,69.73,Jeddah,annual,secondary,False,sku_141,0,0
CUST-000362,55.0,71.1,Dammam,two_year,tertiary,True,sku_142,0,0
CUST-000363,,72.47,Riyadh,monthly,primary,False,sku_143,0,0
CUST-000364,57.0,73.84,Jeddah,annual,secondary,True,sku_144,0,0
CUST-000365,58.0,75.21,Dammam,two_year,tertiary,False,sku_145,1,1
CUST-000366,59.0,76.58,Riyadh,monthly,primary,True,sku_146,0,0
CUST-000367,60.0,77.95,Jeddah,annual,secondary,False,sku_147,0,0
CUST-000368,61.0,79.32,Dammam,two_year,tertiary,True,sku_148,0,0
CUST-000369,62.0,80.69,Riyadh,monthly,primary,False,sku_149,0,0
CUST-000370,63.0,82.06,Jeddah,annual,secondary,True,sku_150,1,1
CUST-000371,64.0,83.43,Dammam,two_year,tertiary,False,sku_151,0,0
CUST-000372,65.0,84.8,Riyadh,monthly,primary,True,sku_152,0,0
CUST-000373,66.0,86.17,Jeddah,annual,secondary,False,sku_153,0,0
CUST-000374,,87.54,Dammam,two_year,tertiary,True,sku_154,0,0
CUST-000375,68.0,88.91,Riyadh,monthly,primary,False,sku_155,1,1
CUST-000376,22.0,90.28,Jeddah,annual,secondary,True,sku_156,0,0
CUST-000377,23.0,91.65,Dammam,two_year,tertiary,False,sku_157,0,0
CUST-000378,24.0,93.02,Riyadh,monthly,primary,True,sku_158,0,0
CUST-000379,25.0,94.39,Jeddah,annual,secondary,False,sku_159,0,0
CUST-000380,26.0,95.76,Dammam,two_year,tertiary,True,sku_160,1,1
CUST-000381,27.0,97.13,Riyadh,monthly,primary,False,sku_161,0,0
CUST-000382,28.0,98.5,Jeddah,annual,secondary,True,sku_162,0,0
CUST-000383,29.0,99.87,Dammam,two_year,tertiary,False,sku_163,0,0
CUST-000384,30.0,101.24,Riyadh,monthly,primary,True,sku_164,0,0
CUST-000385,,102.61,Jeddah,annual,secondary,False,sku_165,1,1
CUST-000386,32.0,103.98,Dammam,two_year,tertiary,True,sku_166,0,0
CUST-000387,33.0,105.35,Riyadh,monthly,primary,False,sku_167,0,0
CUST-000388,34.0,106.72,Jeddah,annual,secondary,True,sku_168,0,0
CUST-000389,35.0,108.09,Dammam,two_year,tertiary,False,sku_169,0,0
CUST-000390,36.0,109.46,Riyadh,monthly,primary,True,sku_170,1,1
CUST-000391,37.0,110.83,Jeddah,annual,secondary,False,sku_171,0,0
CUST-000392,38.0,112.2,Dammam,two_year,tertiary,True,sku_172,0,0
CUST-000393,39.0,113.57,Riyadh,monthly,primary,False,sku_173,0,0
CUST-000394,40.0,114.94,Jeddah,annual,secondary,True,sku_174,0,0
CUST-000395,41.0,116.31,Dammam,two_year,tertiary,False,sku_175,1,1
CUST-000396,,117.68,Riyadh,monthly,primary,True,sku_176,0,0
CUST-000397,43.0,119.05,Jeddah,annual,secondary,False,sku_177,0,0
CUST-000398,44.0,120.42,Dammam,two_year,tertiary,True,sku_178,0,0
CUST-000399,45.0,121.79,Riyadh,monthly,primary,False,sku_179,0,0
CUST-000400,46.0,123.16,Jeddah,annual,secondary,True,sku_180,1,1
CUST-000401,47.0,124.53,Dammam,two_year,tertiary,False,sku_181,0,0
CUST-000402,48.0,125.9,Riyadh,monthly,primary,True,sku_182,0,0
CUST-000403,49.0,127.27,Jeddah,annual,secondary,False,sku_183,0,0
CUST-000404,50.0,128.64,Dammam,two_year,tertiary,True,sku_184,0,0
CUST-000405,51.0,130.01,Riyadh,monthly,primary,False,sku_185,1,1
CUST-000406,52.0,131.38,Jeddah,annual,secondary,True,sku_186,0,0
CUST-000407,,132.75,Dammam,two_year,tertiary,False,sku_187,0,0
CUST-000408,54.0,134.12,Riyadh,monthly,primary,True,sku_188,0,0
CUST-000409,55.0,135.49,Jeddah,annual,secondary,False,sku_189,0,0
CUST-000410,56.0,136.86,Dammam,two_year,tertiary,True,sku_190,1,1
CUST-000411,57.0,138.23,Riyadh,monthly,primary,False,sku_191,0,0
CUST-000412,58.0,139.6,Jeddah,annual,secondary,True,sku_192,0,0
CUST-000413,59.0,140.97,Dammam,two_year,tertiary,False,sku_193,0,0
CUST-000414,60.0,142.34,Riyadh,monthly,primary,True,sku_194,0,0
CUST-000415,61.0,30.0,Jeddah,annual,secondary,False,sku_195,1,1
CUST-000416,62.0,31.37,Dammam,two_year,tertiary,True,sku_196,0,0
CUST-000417,63.0,32.74,Riyadh,monthly,primary,False,sku_197,0,0
CUST-000418,,34.11,Jeddah,annual,secondary,True,sku_198,0,0
CUST-000419,65.0,35.48,Dammam,two_year,tertiary,False,sku_199,0,0
CUST-000420,66.0,36.85,Riyadh,monthly,primary,True,sku_200,1,1
CUST-000421,67.0,38.22,Jeddah,annual,secondary,False,sku_201,0,0
CUST-000422,68.0,39.59,Dammam,two_year,tertiary,True,sku_202,0,0
CUST-000423,22.0,40.96,Riyadh,monthly,primary,False,sku_203,0,0
CUST-000424,23.0,42.33,Jeddah,annual,secondary,True,sku_204,0,0
CUST-000425,24.0,43.7,Dammam,two_year,tertiary,False,sku_205,1,1
CUST-000426,25.0,45.07,Riyadh,monthly,primary,True,sku_206,0,0
CUST-000427,26.0,46.44,Jeddah,annual,secondary,False,sku_207,0,0
CUST-000428,27.0,47.81,Dammam,two_year,tertiary,True,sku_208,0,0
CUST-000429,,49.18,Riyadh,monthly,primary,False,sku_209,0,0
CUST-000430,29.0,50.55,Jeddah,annual,secondary,True,sku_210,1,1
CUST-000431,30.0,51.92,Dammam,two_year,tertiary,False,sku_211,0,0
CUST-000432,31.0,53.29,Riyadh,monthly,primary,True,sku_212,0,0
CUST-000433,32.0,54.66,Jeddah,annual,secondary,False,sku_213,0,0
CUST-000434,33.0,56.03,Dammam,two_year,tertiary,True,sku_214,0,0
CUST-000435,34.0,57.4,Riyadh,monthly,primary,False,sku_215,1,1
CUST-000436,35.0,58.77,Jeddah,annual,secondary,True,sku_216,0,0
CUST-000437,36.0,60.14,Dammam,two_year,tertiary,False,sku_217,0,0
CUST-000438,37.0,61.51,Riyadh,monthly,primary,True,sku_218,0,0
CUST-000439,38.0,62.88,Jeddah,annual,secondary,False,sku_219,0,0
CUST-000440,,64.25,Dammam,two_year,tertiary,True,sku_0,1,1
CUST-000441,40.0,65.62,Riyadh,monthly,primary,False,sku_1,0,0
CUST-000442,41.0,66.99,Jeddah,annual,secondary,True,sku_2,0,0
CUST-000443,42.0,68.36,Dammam,two_year,tertiary,False,sku_3,0,0
CUST-000444,43.0,69.73,Riyadh,monthly,primary,True,sku_4,0,0
CUST-000445,44.0,71.1,Jeddah,annual,secondary,False,sku_5,1,1
CUST-000446,45.0,72.47,Dammam,two_year,tertiary,True,sku_6,0,0
CUST-000447,46.0,73.84,Riyadh,monthly,primary,False,sku_7,0,0
CUST-000448,47.0,75.21,Jeddah,annual,secondary,True,sku_8,0,0
CUST-000449,48.0,76.58,Dammam,two_year,tertiary,False,sku_9,0,0
CUST-000450,49.0,77.95,Riyadh,monthly,primary,True,sku_10,1,1
CUST-000451,,79.32,Jeddah,annual,secondary,False,sku_11,0,0
CUST-000452,51.0,80.69,Dammam,two_year,tertiary,True,sku_12,0,0
CUST-000453,52.0,82.06,Riyadh,monthly,primary,False,sku_13,0,0
CUST-000454,53.0,83.43,Jeddah,annual,secondary,True,sku_14,0,0
CUST-000455,54.0,84.8,Dammam,two_year,tertiary,False,sku_15,1,1
CUST-000456,55.0,86.17,Riyadh,monthly,primary,True,sku_16,0,0
CUST-000457,56.0,87.54,Jeddah,annual,secondary,False,sku_17,0,0
CUST-000458,57.0,88.91,Dammam,two_year,tertiary,True,sku_18,0,0
CUST-000459,58.0,90.28,Riyadh,monthly,primary,False,sku_19,0,0
CUST-000460,59.0,91.65,Jeddah,annual,secondary,True,sku_20,1,1
CUST-000461,60.0,93.02,Dammam,two_year,tertiary,False,sku_21,0,0
CUST-000462,,94.39,Riyadh,monthly,primary,True,sku_22,0,0
CUST-000463,62.0,95.76,Jeddah,annual,secondary,False,sku_23,0,0
CUST-000464,63.0,97.13,Dammam,two_year,tertiary,True,sku_24,0,0
CUST-000465,64.0,98.5,Riyadh,monthly,primary,False,sku_25,1,1
CUST-000466,65.0,99.87,Jeddah,annual,secondary,True,sku_26,0,0
CUST-000467,66.0,101.24,Dammam,two_year,tertiary,False,sku_27,0,0
CUST-000468,67.0,102.61,Riyadh,monthly,primary,True,sku_28,0,0
CUST-000469,68.0,103.98,Jeddah,annual,secondary,False,sku_29,0,0
CUST-000470,22.0,105.35,Dammam,two_year,tertiary,True,sku_30,1,1
CUST-000471,23.0,106.72,Riyadh,monthly,primary,False,sku_31,0,0
CUST-000472,24.0,108.09,Jeddah,annual,secondary,True,sku_32,0,0
CUST-000473,,109.46,Dammam,two_year,tertiary,False,sku_33,0,0
CUST-000474,26.0,110.83,Riyadh,monthly,primary,True,sku_34,0,0
CUST-000475,27.0,112.2,Jeddah,annual,secondary,False,sku_35,1,1
CUST-000476,28.0,113.57,Dammam,two_year,tertiary,True,sku_36,0,0
CUST-000477,29.0,114.94,Riyadh,monthly,primary,False,sku_37,0,0
CUST-000478,30.0,116.31,Jeddah,annual,secondary,True,sku_38,0,0
CUST-000479,31.0,117.68,Dammam,two_year,tertiary,False,sku_39,0,0
CUST-000480,32.0,119.05,Riyadh,monthly,primary,True,sku_40,1,1
CUST-000481,33.0,120.42,Jeddah,annual,secondary,False,sku_41,0,0
CUST-000482,34.0,121.79,Dammam,two_year,tertiary,True,sku_42,0,0
CUST-000483,35.0,123.16,Riyadh,monthly,primary,False,sku_43,0,0
CUST-000484,,124.53,Jeddah,annual,secondary,True,sku_44,0,0
CUST-000485,37.0,125.9,Dammam,two_year,tertiary,False,sku_45,1,1
CUST-000486,38.0,127.27,Riyadh,monthly,primary,True,sku_46,0,0
CUST-000487,39.0,128.64,Jeddah,annual,secondary,False,sku_47,0,0
CUST-000488,40.0,130.01,Dammam,two_year,tertiary,True,sku_48,0,0
CUST-000489,41.0,131.38,Riyadh,monthly,primary,False,sku_49,0,0
CUST-000490,42.0,132.75,Jeddah,annual,secondary,True,sku_50,1,1
CUST-000491,43.0,134.12,Dammam,two_year,tertiary,False,sku_51,0,0
CUST-000492,44.0,135.49,Riyadh,monthly,primary,True,sku_52,0,0
CUST-000493,45.0,136.86,Jeddah,annual,secondary,False,sku_53,0,0
CUST-000494,46.0,138.23,Dammam,two_year,tertiary,True,sku_54,0,0
CUST-000495,,139.6,Riyadh,monthly,primary,False,sku_55,1,1
CUST-000496,48.0,140.97,Jeddah,annual,secondary,True,sku_56,0,0
CUST-000497,49.0,142.34,Dammam,two_year,tertiary,False,sku_57,0,0
CUST-000498,50.0,30.0,Riyadh,monthly,primary,True,sku_58,0,0
CUST-000499,51.0,31.37,Jeddah,annual,secondary,False,sku_59,0,0
CUST-000500,52.0,32.74,Dammam,two_year,tertiary,True,sku_60,1,1
CUST-000501,53.0,34.11,Riyadh,monthly,primary,False,sku_61,0,0
CUST-000502,54.0,35.48,Jeddah,annual,secondary,True,sku_62,0,0
CUST-000503,55.0,36.85,Dammam,two_year,tertiary,False,sku_63,0,0
CUST-000504,56.0,38.22,Riyadh,monthly,primary,True,sku_64,0,0
CUST-000505,57.0,39.59,Jeddah,annual,secondary,False,sku_65,1,1
CUST-000506,,40.96,Dammam,two_year,tertiary,True,sku_66,0,0
CUST-000507,59.0,42.33,Riyadh,monthly,primary,False,sku_67,0,0
CUST-000508,60.0,43.7,Jeddah,annual,secondary,True,sku_68,0,0
CUST-000509,61.0,45.07,Dammam,two_year,tertiary,False,sku_69,0,0
CUST-000510,62.0,46.44,Riyadh,monthly,primary,True,sku_70,1,1
CUST-000511,63.0,47.81,Jeddah,annual,secondary,False,sku_71,0,0
CUST-000512,64.0,49.18,Dammam,two_year,tertiary,True,sku_72,0,0
CUST-000513,65.0,50.55,Riyadh,monthly,primary,False,sku_73,0,0
CUST-000514,66.0,51.92,Jeddah,annual,secondary,True,sku_74,0,0
CUST-000515,67.0,53.29,Dammam,two_year,tertiary,False,sku_75,1,1
CUST-000516,68.0,54.66,Riyadh,monthly,primary,True,sku_76,0,0
CUST-000517,,56.03,Jeddah,annual,secondary,False,sku_77,0,0
CUST-000518,23.0,57.4,Dammam,two_year,tertiary,True,sku_78,0,0
CUST-000519,24.0,58.77,Riyadh,monthly,primary,False,sku_79,0,0
CUST-000520,25.0,60.14,Jeddah,annual,secondary,True,sku_80,1,1
CUST-000521,26.0,61.51,Dammam,two_year,tertiary,False,sku_81,0,0
CUST-000522,27.0,62.88,Riyadh,monthly,primary,True,sku_82,0,0
CUST-000523,28.0,64.25,Jeddah,annual,secondary,False,sku_83,0,0
CUST-000524,29.0,65.62,Dammam,two_year,tertiary,True,sku_84,0,0
CUST-000525,30.0,66.99,Riyadh,monthly,primary,False,sku_85,1,1
CUST-000526,31.0,68.36,Jeddah,annual,secondary,True,sku_86,0,0
CUST-000527,32.0,69.73,Dammam,two_year,tertiary,False,sku_87,0,0
CUST-000528,,71.1,Riyadh,monthly,primary,True,sku_88,0,0
CUST-000529,34.0,72.47,Jeddah,annual,secondary,False,sku_89,0,0
CUST-000530,35.0,73.84,Dammam,two_year,tertiary,True,sku_90,1,1
CUST-000531,36.0,75.21,Riyadh,monthly,primary,False,sku_91,0,0
CUST-000532,37.0,76.58,Jeddah,annual,secondary,True,sku_92,0,0
CUST-000533,38.0,77.95,Dammam,two_year,tertiary,False,sku_93,0,0
CUST-000534,39.0,79.32,Riyadh,monthly,primary,True,sku_94,0,0
CUST-000535,40.0,80.69,Jeddah,annual,secondary,False,sku_95,1,1
CUST-000536,41.0,82.06,Dammam,two_year,tertiary,True,sku_96,0,0
CUST-000537,42.0,83.43,Riyadh,monthly,primary,False,sku_97,0,0
CUST-000538,43.0,84.8,Jeddah,annual,secondary,True,sku_98,0,0
CUST-000539,,86.17,Dammam,two_year,tertiary,False,sku_99,0,0
CUST-000540,45.0,87.54,Riyadh,monthly,primary,True,sku_100,1,1
CUST-000541,46.0,88.91,Jeddah,annual,secondary,False,sku_101,0,0
CUST-000542,47.0,90.28,Dammam,two_year,tertiary,True,sku_102,0,0
CUST-000543,48.0,91.65,Riyadh,monthly,primary,False,sku_103,0,0
CUST-000544,49.0,93.02,Jeddah,annual,secondary,True,sku_104,0,0
CUST-000545,50.0,94.39,Dammam,two_year,tertiary,False,sku_105,1,1
CUST-000546,51.0,95.76,Riyadh,monthly,primary,True,sku_106,0,0
CUST-000547,52.0,97.13,Jeddah,annual,secondary,False,sku_107,0,0
CUST-000548,53.0,98.5,Dammam,two_year,tertiary,True,sku_108,0,0
CUST-000549,54.0,99.87,Riyadh,monthly,primary,False,sku_109,0,0
CUST-000550,,101.24,Jeddah,annual,secondary,True,sku_110,1,1
CUST-000551,56.0,102.61,Dammam,two_year,tertiary,False,sku_111,0,0
CUST-000552,57.0,103.98,Riyadh,monthly,primary,True,sku_112,0,0
CUST-000553,58.0,105.35,Jeddah,annual,secondary,False,sku_113,0,0
CUST-000554,59.0,106.72,Dammam,two_year,tertiary,True,sku_114,0,0
CUST-000555,60.0,108.09,Riyadh,monthly,primary,False,sku_115,1,1
CUST-000556,61.0,109.46,Jeddah,annual,secondary,True,sku_116,0,0
CUST-000557,62.0,110.83,Dammam,two_year,tertiary,False,sku_117,0,0
CUST-000558,63.0,112.2,Riyadh,monthly,primary,True,sku_118,0,0
CUST-000559,64.0,113.57,Jeddah,annual,secondary,False,sku_119,0,0
CUST-000560,65.0,114.94,Dammam,two_year,tertiary,True,sku_120,1,1
CUST-000561,,116.31,Riyadh,monthly,primary,False,sku_121,0,0
CUST-000562,67.0,117.68,Jeddah,annual,secondary,True,sku_122,0,0
CUST-000563,68.0,119.05,Dammam,two_year,tertiary,False,sku_123,0,0
CUST-000564,22.0,120.42,Riyadh,monthly,primary,True,sku_124,0,0
CUST-000565,23.0,121.79,Jeddah,annual,secondary,False,sku_125,1,1
CUST-000566,24.0,123.16,Dammam,two_year,tertiary,True,sku_126,0,0
CUST-000567,25.0,124.53,Riyadh,monthly,primary,False,sku_127,0,0
CUST-000568,26.0,125.9,Jeddah,annual,secondary,True,sku_128,0,0
CUST-000569,27.0,127.27,Dammam,two_year,tertiary,False,sku_129,0,0
CUST-000570,28.0,128.64,Riyadh,monthly,primary,True,sku_130,1,1
CUST-000571,29.0,130.01,Jeddah,annual,secondary,False,sku_131,0,0
CUST-000572,,131.38,Dammam,two_year,tertiary,True,sku_132,0,0
CUST-000573,31.0,132.75,Riyadh,monthly,primary,False,sku_133,0,0
CUST-000574,32.0,134.12,Jeddah,annual,secondary,True,sku_134,0,0
CUST-000575,33.0,135.49,Dammam,two_year,tertiary,False,sku_135,1,1
CUST-000576,34.0,136.86,Riyadh,monthly,primary,True,sku_136,0,0
CUST-000577,35.0,138.23,Jeddah,annual,secondary,False,sku_137,0,0
CUST-000578,36.0,139.6,Dammam,two_year,tertiary,True,sku_138,0,0
CUST-000579,37.0,140.97,Riyadh,monthly,primary,False,sku_139,0,0
CUST-000580,38.0,142.34,Jeddah,annual,secondary,True,sku_140,1,1
CUST-000581,39.0,30.0,Dammam,two_year,tertiary,False,sku_141,0,0
CUST-000582,40.0,31.37,Riyadh,monthly,primary,True,sku_142,0,0
CUST-000583,,32.74,Jeddah,annual,secondary,False,sku_143,0,0
CUST-000584,42.0,34.11,Dammam,two_year,tertiary,True,sku_144,0,0
CUST-000585,43.0,35.48,Riyadh,monthly,primary,False,sku_145,1,1
CUST-000586,44.0,36.85,Jeddah,annual,secondary,True,sku_146,0,0
CUST-000587,45.0,38.22,Dammam,two_year,tertiary,False,sku_147,0,0
CUST-000588,46.0,39.59,Riyadh,monthly,primary,True,sku_148,0,0
CUST-000589,47.0,40.96,Jeddah,annual,secondary,False,sku_149,0,0
CUST-000590,48.0,42.33,Dammam,two_year,tertiary,True,sku_150,1,1
CUST-000591,49.0,43.7,Riyadh,monthly,primary,False,sku_151,0,0
CUST-000592,50.0,45.07,Jeddah,annual,secondary,True,sku_152,0,0
CUST-000593,51.0,46.44,Dammam,two_year,tertiary,False,sku_153,0,0
CUST-000594,,47.81,Riyadh,monthly,primary,True,sku_154,0,0
CUST-000595,53.0,49.18,Jeddah,annual,secondary,False,sku_155,1,1
CUST-000596,54.0,50.55,Dammam,two_year,tertiary,True,sku_156,0,0
CUST-000597,55.0,51.92,Riyadh,monthly,primary,False,sku_157,0,0
CUST-000598,56.0,53.29,Jeddah,annual,secondary,True,sku_158,0,0
CUST-000599,57.0,54.66,Dammam,two_year,tertiary,False,sku_159,0,0
