CustomerID,TenureMonths,MonthlyCharges,Plan,Region,AutoRenew,SupportTicketID,Churn,ChurnedFlag
CUST-000000,,25.0,basic,north,True,TKT-0,1,1
CUST-000001,2.0,26.15,standard,south,False,TKT-1,0,0
CUST-000002,3.0,27.3,premium,east,True,TKT-2,0,0
CUST-000003,4.0,28.45,basic,west,False,TKT-3,0,0
CUST-000004,5.0,29.6,standard,north,True,TKT-4,0,0
CUST-000005,6.0,30.75,premium,south,False,TKT-5,0,0
CUST-000006,7.0,31.9,basic,east,True,TKT-6,1,1
CUST-000007,8.0,33.05,standard,west,False,TKT-7,0,0
CUST-000008,9.0,34.2,premium,north,True,TKT-8,0,0
CUST-000009,10.0,35.35,basic,south,False,TKT-9,0,0
CUST-000010,11.0,36.5,standard,east,True,TKT-10,0,0
CUST-000011,12.0,37.65,premium,west,False,TKT-11,0,0
CUST-000012,13.0,38.8,basic,north,True,TKT-12,1,1
CUST-000013,,39.95,standard,south,False,TKT-13,0,0
CUST-000014,15.0,41.1,premium,east,True,TKT-14,0,0
CUST-000015,16.0,42.25,basic,west,False,TKT-15,0,0
CUST-000016,17.0,43.4,standard,north,True,TKT-16,0,0
CUST-000017,18.0,44.55,premium,south,False,TKT-17,0,0
CUST-000018,19.0,45.7,basic,east,True,TKT-18,1,1
CUST-000019,20.0,46.85,standard,west,False,TKT-19,0,0
CUST-000020,21.0,48.0,premium,north,True,TKT-20,0,0
CUST-000021,22.0,49.15,basic,south,False,TKT-21,0,0
CUST-000022,23.0,50.3,standard,east,True,TKT-22,0,0
CUST-000023,24.0,51.45,premium,west,False,TKT-23,0,0
CUST-000024,25.0,52.6,basic,north,True,TKT-24,1,1
CUST-000025,26.0,53.75,standard,south,False,TKT-25,0,0
CUST-000026,,54.9,premium,east,True,TKT-26,0,0
CUST-000027,28.0,56.05,basic,west,False,TKT-27,0,0
CUST-000028,29.0,57.2,standard,north,True,TKT-28,0,0
CUST-000029,30.0,58.35,premium,south,False,TKT-29,0,0
CUST-000030,31.0,59.5,basic,east,True,TKT-30,1,1
CUST-000031,32.0,60.65,standard,west,False,TKT-31,0,0
CUST-000032,33.0,61.8,premium,north,True,TKT-32,0,0
CUST-000033,34.0,62.95,basic,south,False,TKT-33,0,0
CUST-000034,35.0,64.1,standard,east,True,TKT-34,0,0
CUST-000035,36.0,65.25,premium,west,False,TKT-35,0,0
CUST-000036,37.0,66.4,basic,north,True,TKT-36,1,1
CUST-000037,38.0,67.55,standard,south,False,TKT-37,0,0
CUST-000038,39.0,68.7,premium,east,True,TKT-38,0,0
CUST-000039,,69.85,basic,west,False,TKT-39,0,0
CUST-000040,41.0,71.0,standard,north,True,TKT-40,0,0
CUST-000041,42.0,72.15,premium,south,False,TKT-41,0,0
CUST-000042,43.0,73.3,basic,east,True,TKT-42,1,1
CUST-000043,44.0,74.45,standard,west,False,TKT-43,0,0
CUST-000044,45.0,75.6,premium,north,True,TKT-44,0,0
CUST-000045,46.0,76.75,basic,south,False,TKT-45,0,0
CUST-000046,47.0,77.9,standard,east,True,TKT-46,0,0
CUST-000047,48.0,79.05,premium,west,False,TKT-47,0,0
CUST-000048,49.0,80.2,basic,north,True,TKT-48,1,1
CUST-000049,50.0,81.35,standard,south,False,TKT-49,0,0
CUST-000050,51.0,82.5,premium,east,True,TKT-50,0,0
CUST-000051,52.0,83.65,basic,west,False,TKT-51,0,0
CUST-000052,,84.8,standard,north,True,TKT-52,0,0
CUST-000053,54.0,85.95,premium,south,False,TKT-53,0,0
CUST-000054,55.0,87.1,basic,east,True,TKT-54,1,1
CUST-000055,56.0,88.25,standard,west,False,TKT-55,0,0
CUST-000056,57.0,89.4,premium,north,True,TKT-56,0,0
CUST-000057,58.0,90.55,basic,south,False,TKT-57,0,0
CUST-000058,59.0,91.7,standard,east,True,TKT-58,0,0
CUST-000059,60.0,92.85,premium,west,False,TKT-59,0,0
CUST-000060,61.0,94.0,basic,north,True,TKT-60,1,1
CUST-000061,62.0,95.15,standard,south,False,TKT-61,0,0
CUST-000062,63.0,96.3,premium,east,True,TKT-62,0,0
CUST-000063,64.0,97.45,basic,west,False,TKT-63,0,0
CUST-000064,65.0,98.6,standard,north,True,TKT-64,0,0
CUST-000065,,99.75,premium,south,False,TKT-65,0,0
CUST-000066,67.0,100.9,basic,east,True,TKT-66,1,1
CUST-000067,68.0,102.05,standard,west,False,TKT-67,0,0
CUST-000068,69.0,103.2,premium,north,True,TKT-68,0,0
CUST-000069,70.0,104.35,basic,south,False,TKT-69,0,0
CUST-000070,71.0,105.5,standard,east,True,TKT-70,0,0
CUST-000071,1.0,106.65,premium,west,False,TKT-71,0,0
CUST-000072,2.0,107.8,basic,north,True,TKT-72,1,1
CUST-000073,3.0,108.95,standard,south,False,TKT-73,0,0
CUST-000074,4.0,110.1,premium,east,True,TKT-74,0,0
CUST-000075,5.0,111.25,basic,west,False,TKT-75,0,0
CUST-000076,6.0,112.4,standard,north,True,TKT-76,0,0
CUST-000077,7.0,113.55,premium,south,False,TKT-77,0,0
CUST-000078,,114.7,basic,east,True,TKT-78,1,1
CUST-000079,9.0,25.0,standard,west,False,TKT-79,0,0
CUST-000080,10.0,26.15,premium,north,True,TKT-80,0,0
CUST-000081,11.0,27.3,basic,south,False,TKT-81,0,0
CUST-000082,12.0,28.45,standard,east,True,TKT-82,0,0
CUST-000083,13.0,29.6,premium,west,False,TKT-83,0,0
CUST-000084,14.0,30.75,basic,north,True,TKT-84,1,1
CUST-000085,15.0,31.9,standard,south,False,TKT-85,0,0
CUST-000086,16.0,33.05,premium,east,True,TKT-86,0,0
CUST-000087,17.0,34.2,basic,west,False,TKT-87,0,0
CUST-000088,18.0,35.35,standard,north,True,TKT-88,0,0
CUST-000089,19.0,36.5,premium,south,False,TKT-89,0,0
CUST-000090,20.0,37.65,basic,east,True,TKT-90,1,1
CUST-000091,,38.8,standard,west,False,TKT-91,0,0
CUST-000092,22.0,39.95,premium,north,True,TKT-92,0,0
CUST-000093,23.0,41.1,basic,south,False,TKT-93,0,0
CUST-000094,24.0,42.25,standard,east,True,TKT-94,0,0
CUST-000095,25.0,43.4,premium,west,False,TKT-95,0,0
CUST-000096,26.0,44.55,basic,north,True,TKT-96,1,1
CUST-000097,27.0,45.7,standard,south,False,TKT-97,0,0
CUST-000098,28.0,46.85,premium,east,True,TKT-98,0,0
CUST-000099,29.0,48.0,basic,west,False,TKT-99,0,0
CUST-000100,30.0,49.15,standard,north,True,TKT-100,0,0
CUST-000101,31.0,50.3,premium,south,False,TKT-101,0,0
CUST-000102,32.0,51.45,basic,east,True,TKT-102,1,1
CUST-000103,33.0,52.6,standard,west,False,TKT-103,0,0
CUST-000104,,53.75,premium,north,True,TKT-104,0,0
CUST-000105,35.0,54.9,basic,south,False,TKT-105,0,0
CUST-000106,36.0,56.05,standard,east,True,TKT-106,0,0
CUST-000107,37.0,57.2,premium,west,False,TKT-107,0,0
CUST-000108,38.0,58.35,basic,north,True,TKT-108,1,1
CUST-000109,39.0,59.5,standard,south,False,TKT-109,0,0
CUST-000110,40.0,60.65,premium,east,True,TKT-110,0,0
CUST-000111,41.0,61.8,basic,west,False,TKT-111,0,0
CUST-000112,42.0,62.95,standard,north,True,TKT-112,0,0
CUST-000113,43.0,64.1,premium,south,False,TKT-113,0,0
CUST-000114,44.0,65.25,basic,east,True,TKT-114,1,1
CUST-000115,45.0,66.4,standard,west,False,TKT-115,0,0
CUST-000116,46.0,67.55,premium,north,True,TKT-116,0,0
CUST-000117,,68.7,basic,south,False,TKT-117,0,0
CUST-000118,48.0,69.85,standard,east,True,TKT-118,0,0
CUST-000119,49.0,71.0,premium,west,False,TKT-119,0,0
CUST-000120,50.0,72.15,basic,north,True,TKT-120,1,1
CUST-000121,51.0,73.3,standard,south,False,TKT-121,0,0
CUST-000122,52.0,74.45,premium,east,True,TKT-122,0,0
CUST-000123,53.0,75.6,basic,west,False,TKT-123,0,0
CUST-000124,54.0,76.75,standard,north,True,TKT-124,0,0
CUST-000125,55.0,77.9,premium,south,False,TKT-125,0,0
CUST-000126,56.0,79.05,basic,east,True,TKT-126,1,1
CUST-000127,57.0,80.2,standard,west,False,TKT-127,0,0
CUST-000128,58.0,81.35,premium,north,True,TKT-128,0,0
CUST-000129,59.0,82.5,basic,south,False,TKT-129,0,0
CUST-000130,,83.65,standard,east,True,TKT-130,0,0
CUST-000131,61.0,84.8,premium,west,False,TKT-131,0,0
CUST-000132,62.0,85.95,basic,north,True,TKT-132,1,1
CUST-000133,63.0,87.1,standard,south,False,TKT-133,0,0
CUST-000134,64.0,88.25,premium,east,True,TKT-134,0,0
CUST-000135,65.0,89.4,basic,west,False,TKT-135,0,0
CUST-000136,66.0,90.55,standard,north,True,TKT-136,0,0
CUST-000137,67.0,91.7,premium,south,False,TKT-137,0,0
CUST-000138,68.0,92.85,basic,east,True,TKT-138,1,1
CUST-000139,69.0,94.0,standard,west,False,TKT-139,0,0
CUST-000140,70.0,95.15,premium,north,True,TKT-140,0,0
CUST-000141,71.0,96.3,basic,south,False,TKT-141,0,0
CUST-000142,1.0,97.45,standard,east,True,TKT-142,0,0
CUST-000143,,98.6,premium,west,False,TKT-143,0,0
CUST-000144,3.0,99.75,basic,north,True,TKT-144,1,1
CUST-000145,4.0,100.9,standard,south,False,TKT-145,0,0
CUST-000146,5.0,102.05,premium,east,True,TKT-146,0,0
CUST-000147,6.0,103.2,basic,west,False,TKT-147,0,0
CUST-000148,7.0,104.35,standard,north,True,TKT-148,0,0
CUST-000149,8.0,105.5,premium,south,False,TKT-149,0,0
CUST-000150,9.0,106.65,basic,east,True,TKT-150,1,1
CUST-000151,10.0,107.8,standard,west,False,TKT-151,0,0
CUST-000152,11.0,108.95,premium,north,True,TKT-152,0,0
CUST-000153,12.0,110.1,basic,south,False,TKT-153,0,0
CUST-000154,13.0,111.25,standard,east,True,TKT-154,0,0
CUST-000155,14.0,112.4,premium,west,False,TKT-155,0,0
CUST-000156,,113.55,basic,north,True,TKT-156,1,1
CUST-000157,16.0,114.7,standard,south,False,TKT-157,0,0
CUST-000158,17.0,25.0,premium,east,True,TKT-158,0,0
CUST-000159,18.0,26.15,basic,west,False,TKT-159,0,0
CUST-000160,19.0,27.3,standard,north,True,TKT-160,0,0
CUST-000161,20.0,28.45,premium,south,False,TKT-161,0,0
CUST-000162,21.0,29.6,basic,east,True,TKT-162,1,1
CUST-000163,22.0,30.75,standard,west,False,TKT-163,0,0
CUST-000164,23.0,31.9,premium,north,True,TKT-164,0,0
CUST-000165,24.0,33.05,basic,south,False,TKT-165,0,0
CUST-000166,25.0,34.2,standard,east,True,TKT-166,0,0
CUST-000167,26.0,35.35,premium,west,False,TKT-167,0,0
CUST-000168,27.0,36.5,basic,north,True,TKT-168,1,1
CUST-000169,,37.65,standard,south,False,TKT-169,0,0
CUST-000170,29.0,38.8,premium,east,True,TKT-170,0,0
CUST-000171,30.0,39.95,basic,west,False,TKT-171,0,0
CUST-000172,31.0,41.1,standard,north,True,TKT-172,0,0
CUST-000173,32.0,42.25,premium,south,False,TKT-173,0,0
CUST-000174,33.0,43.4,basic,east,True,TKT-174,1,1
CUST-000175,34.0,44.55,standard,west,False,TKT-175,0,0
CUST-000176,35.0,45.7,premium,north,True,TKT-176,0,0
CUST-000177,36.0,46.85,basic,south,False,TKT-177,0,0
CUST-000178,37.0,48.0,standard,east,True,TKT-178,0,0
CUST-000179,38.0,49.15,premium,west,False,TKT-179,0,0
CUST-000180,39.0,50.3,basic,north,True,TKT-180,1,1
CUST-000181,40.0,51.45,standard,south,False,TKT-181,0,0
CUST-000182,,52.6,premium,east,True,TKT-182,0,0
CUST-000183,42.0,53.75,basic,west,False,TKT-183,0,0
CUST-000184,43.0,54.9,standard,north,True,TKT-184,0,0
CUST-000185,44.0,56.05,premium,south,False,TKT-185,0,0
CUST-000186,45.0,57.2,basic,east,True,TKT-186,1,1
CUST-000187,46.0,58.35,standard,west,False,TKT-187,0,0
CUST-000188,47.0,59.5,premium,north,True,TKT-188,0,0
CUST-000189,48.0,60.65,basic,south,False,TKT-189,0,0
CUST-000190,49.0,61.8,standard,east,True,TKT-190,0,0
CUST-000191,50.0,62.95,premium,west,False,TKT-191,0,0
CUST-000192,51.0,64.1,basic,north,True,TKT-192,1,1
CUST-000193,52.0,65.25,standard,south,False,TKT-193,0,0
CUST-000194,53.0,66.4,premium,east,True,TKT-194,0,0
CUST-000195,,67.55,basic,west,False,TKT-195,0,0
CUST-000196,55.0,68.7,standard,north,True,TKT-196,0,0
CUST-000197,56.0,69.85,premium,south,False,TKT-197,0,0
CUST-000198,57.0,71.0,basic,east,True,TKT-198,1,1
CUST-000199,58.0,72.15,standard,west,False,TKT-199,0,0
CUST-000200,59.0,73.3,premium,north,True,TKT-200,0,0
CUST-000201,60.0,74.45,basic,south,False,TKT-201,0,0
CUST-000202,61.0,75.6,standard,east,True,TKT-202,0,0
CUST-000203,62.0,76.75,premium,west,False,TKT-203,0,0
CUST-000204,63.0,77.9,basic,north,True,TKT-204,1,1
CUST-000205,64.0,79.05,standard,south,False,TKT-205,0,0
CUST-000206,65.0,80.2,premium,east,True,TKT-206,0,0
CUST-000207,66.0,81.35,basic,west,False,TKT-207,0,0
CUST-000208,,82.5,standard,north,True,TKT-208,0,0
CUST-000209,68.0,83.65,premium,south,False,TKT-209,0,0
CUST-000210,69.0,84.8,basic,east,True,TKT-210,1,1
CUST-000211,70.0,85.95,standard,west,False,TKT-211,0,0
CUST-000212,71.0,87.1,premium,north,True,TKT-212,0,0
CUST-000213,1.0,88.25,basic,south,False,TKT-213,0,0
CUST-000214,2.0,89.4,standard,east,True,TKT-214,0,0
CUST-000215,3.0,90.55,premium,west,False,TKT-215,0,0
CUST-000216,4.0,91.7,basic,north,True,TKT-216,1,1
CUST-000217,5.0,92.85,standard,south,False,TKT-217,0,0
CUST-000218,6.0,94.0,premium,east,True,TKT-218,0,0
CUST-000219,7.0,95.15,basic,west,False,TKT-219,0,0
CUST-000220,8.0,96.3,standard,north,True,TKT-220,0,0
CUST-000221,,97.45,premium,south,False,TKT-221,0,0
CUST-000222,10.0,98.6,basic,east,True,TKT-222,1,1
CUST-000223,11.0,99.75,standard,west,False,TKT-223,0,0
CUST-000224,12.0,100.9,premium,north,True,TKT-224,0,0
CUST-000225,13.0,102.05,basic,south,False,TKT-225,0,0
CUST-000226,14.0,103.2,standard,east,True,TKT-226,0,0
CUST-000227,15.0,104.35,premium,west,False,TKT-227,0,0
CUST-000228,16.0,105.5,basic,north,True,TKT-228,1,1
CUST-000229,17.0,106.65,standard,south,False,TKT-229,0,0
CUST-000230,18.0,107.8,premium,east,True,TKT-230,0,0
CUST-000231,19.0,108.95,basic,west,False,TKT-231,0,0
CUST-000232,20.0,110.1,standard,north,True,TKT-232,0,0
CUST-000233,21.0,111.25,premium,south,False,TKT-233,0,0
CUST-000234,,112.4,basic,east,True,TKT-234,1,1
CUST-000235,23.0,113.55,standard,west,False,TKT-235,0,0
CUST-000236,24.0,114.7,premium,north,True,TKT-236,0,0
CUST-000237,25.0,25.0,basic,south,False,TKT-237,0,0
CUST-000238,26.0,26.15,standard,east,True,TKT-238,0,0
CUST-000239,27.0,27.3,premium,west,False,TKT-239,0,0
CUST-000240,28.0,28.45,basic,north,True,TKT-240,1,1
CUST-000241,29.0,29.6,standard,south,False,TKT-241,0,0
CUST-000242,30.0,30.75,premium,east,True,TKT-242,0,0
CUST-000243,31.0,31.9,basic,west,False,TKT-243,0,0
CUST-000244,32.0,33.05,standard,north,True,TKT-244,0,0
CUST-000245,33.0,34.2,premium,south,False,TKT-245,0,0
CUST-000246,34.0,35.35,basic,east,True,TKT-246,1,1
CUST-000247,,36.5,standard,west,False,TKT-247,0,0
CUST-000248,36.0,37.65,premium,north,True,TKT-248,0,0
CUST-000249,37.0,38.8,basic,south,False,TKT-249,0,0
CUST-000250,38.0,39.95,standard,east,True,TKT-250,0,0
CUST-000251,39.0,41.1,premium,west,False,TKT-251,0,0
CUST-000252,40.0,42.25,basic,north,True,TKT-252,1,1
CUST-000253,41.0,43.4,standard,south,False,TKT-253,0,0
CUST-000254,42.0,44.55,premium,east,True,TKT-254,0,0
CUST-000255,43.0,45.7,basic,west,False,TKT-255,0,0
CUST-000256,44.0,46.85,standard,north,True,TKT-256,0,0
CUST-000257,45.0,48.0,premium,south,False,TKT-257,0,0
CUST-000258,46.0,49.15,basic,east,True,TKT-258,1,1
CUST-000259,47.0,50.3,standard,west,False,TKT-259,0,0
CUST-000260,,51.45,premium,north,True,TKT-260,0,0
CUST-000261,49.0,52.6,basic,south,False,TKT-261,0,0
CUST-000262,50.0,53.75,standard,east,True,TKT-262,0,0
CUST-000263,51.0,54.9,premium,west,False,TKT-263,0,0
CUST-000264,52.0,56.05,basic,north,True,TKT-264,1,1
CUST-000265,53.0,57.2,standard,south,False,TKT-265,0,0
CUST-000266,54.0,58.35,premium,east,True,TKT-266,0,0
CUST-000267,55.0,59.5,basic,west,False,TKT-267,0,0
CUST-000268,56.0,60.65,standard,north,True,TKT-268,0,0
CUST-000269,57.0,61.8,premium,south,False,TKT-269,0,0
CUST-000270,58.0,62.95,basic,east,True,TKT-270,1,1
CUST-000271,59.0,64.1,standard,west,False,TKT-271,0,0
CUST-000272,60.0,65.25,premium,north,True,TKT-272,0,0
CUST-000273,,66.4,basic,south,False,TKT-273,0,0
CUST-000274,62.0,67.55,standard,east,True,TKT-274,0,0
CUST-000275,63.0,68.7,premium,west,False,TKT-275,0,0
CUST-000276,64.0,69.85,basic,north,True,TKT-276,1,1
CUST-000277,65.0,71.0,standard,south,False,TKT-277,0,0
CUST-000278,66.0,72.15,premium,east,True,TKT-278,0,0
CUST-000279,67.0,73.3,basic,west,False,TKT-279,0,0
CUST-000280,68.0,74.45,standard,north,True,TKT-280,0,0
CUST-000281,69.0,75.6,premium,south,False,TKT-281,0,0
CUST-000282,70.0,76.75,basic,east,True,TKT-282,1,1
CUST-000283,71.0,77.9,standard,west,False,TKT-283,0,0
CUST-000284,1.0,79.05,premium,north,True,TKT-284,0,0
CUST-000285,2.0,80.2,basic,south,False,TKT-285,0,0
CUST-000286,,81.35,standard,east,True,TKT-286,0,0
CUST-000287,4.0,82.5,premium,west,False,TKT-287,0,0
CUST-000288,5.0,83.65,basic,north,True,TKT-288,1,1
CUST-000289,6.0,84.8,standard,south,False,TKT-289,0,0
CUST-000290,7.0,85.95,premium,east,True,TKT-290,0,0
CUST-000291,8.0,87.1,basic,west,False,TKT-291,0,0
CUST-000292,9.0,88.25,standard,north,True,TKT-292,0,0
CUST-000293,10.0,89.4,premium,south,False,TKT-293,0,0
CUST-000294,11.0,90.55,basic,east,True,TKT-294,1,1
CUST-000295,12.0,91.7,standard,west,False,TKT-295,0,0
CUST-000296,13.0,92.85,premium,north,True,TKT-296,0,0
CUST-000297,14.0,94.0,basic,south,False,TKT-297,0,0
CUST-000298,15.0,95.15,standard,east,True,TKT-298,0,0
CUST-000299,,96.3,premium,west,False,TKT-299,0,0
CUST-000300,17.0,97.45,basic,north,True,TKT-300,1,1
CUST-000301,18.0,98.6,standard,south,False,TKT-301,0,0
CUST-000302,19.0,99.75,premium,east,True,TKT-302,0,0
CUST-000303,20.0,100.9,basic,west,False,TKT-303,0,0
CUST-000304,21.0,102.05,standard,north,True,TKT-304,0,0
CUST-000305,22.0,103.2,premium,south,False,TKT-305,0,0
CUST-000306,23.0,104.35,basic,east,True,TKT-306,1,1
CUST-000307,24.0,105.5,standard,west,False,TKT-307,0,0
CUST-000308,25.0,106.65,premium,north,True,TKT-308,0,0
CUST-000309,26.0,107.8,basic,south,False,TKT-309,0,0
CUST-000310,27.0,108.95,standard,east,True,TKT-310,0,0
CUST-000311,28.0,110.1,premium,west,False,TKT-311,0,0
CUST-000312,,111.25,basic,north,True,TKT-312,1,1
CUST-000313,30.0,112.4,standard,south,False,TKT-313,0,0
CUST-000314,31.0,113.55,premium,east,True,TKT-314,0,0
CUST-000315,32.0,114.7,basic,west,False,TKT-315,0,0
CUST-000316,33.0,25.0,standard,north,True,TKT-316,0,0
CUST-000317,34.0,26.15,premium,south,False,TKT-317,0,0
CUST-000318,35.0,27.3,basic,east,True,TKT-318,1,1
CUST-000319,36.0,28.45,standard,west,False,TKT-319,0,0
CUST-000320,37.0,29.6,premium,north,True,TKT-320,0,0
CUST-000321,38.0,30.75,basic,south,False,TKT-321,0,0
CUST-000322,39.0,31.9,standard,east,True,TKT-322,0,0
CUST-000323,40.0,33.05,premium,west,False,TKT-323,0,0
CUST-000324,41.0,34.2,basic,north,True,TKT-324,1,1
CUST-000325,,35.35,standard,south,False,TKT-325,0,0
CUST-000326,43.0,36.5,premium,east,True,TKT-326,0,0
CUST-000327,44.0,37.65,basic,west,False,TKT-327,0,0
CUST-000328,45.0,38.8,standard,north,True,TKT-328,0,0
CUST-000329,46.0,39.95,premium,south,False,TKT-329,0,0
CUST-000330,47.0,41.1,basic,east,True,TKT-330,1,1
CUST-000331,48.0,42.25,standard,west,False,TKT-331,0,0
CUST-000332,49.0,43.4,premium,north,True,TKT-332,0,0
CUST-000333,50.0,44.55,basic,south,False,TKT-333,0,0
CUST-000334,51.0,45.7,standard,east,True,TKT-334,0,0
CUST-000335,52.0,46.85,premium,west,False,TKT-335,0,0
CUST-000336,53.0,48.0,basic,north,True,TKT-336,1,1
CUST-000337,54.0,49.15,standard,south,False,TKT-337,0,0
CUST-000338,,50.3,premium,east,True,TKT-338,0,0
CUST-000339,56.0,51.45,basic,west,False,TKT-339,0,0
CUST-000340,57.0,52.6,standard,north,True,TKT-340,0,0
CUST-000341,58.0,53.75,premium,south,False,TKT-341,0,0
CUST-000342,59.0,54.9,basic,east,True,TKT-342,1,1
CUST-000343,60.0,56.05,standard,west,False,TKT-343,0,0
CUST-000344,61.0,57.2,premium,north,True,TKT-344,0,0
CUST-000345,62.0,58.35,basic,south,False,TKT-345,0,0
CUST-000346,63.0,59.5,standard,east,True,TKT-346,0,0
CUST-000347,64.0,60.65,premium,west,False,TKT-347,0,0
CUST-000348,65.0,61.8,basic,north,True,TKT-348,1,1
CUST-000349,66.0,62.95,standard,south,False,TKT-349,0,0
CUST-000350,67.0,64.1,premium,east,True,TKT-350,0,0
CUST-000351,,65.25,basic,west,False,TKT-351,0,0
CUST-000352,69.0,66.4,standard,north,True,TKT-352,0,0
CUST-000353,70.0,67.55,premium,south,False,TKT-353,0,0
CUST-000354,71.0,68.7,basic,east,True,TKT-354,1,1
CUST-000355,1.0,69.85,standard,west,False,TKT-355,0,0
CUST-000356,2.0,71.0,premium,north,True,TKT-356,0,0
CUST-000357,3.0,72.15,basic,south,False,TKT-357,0,0
CUST-000358,4.0,73.3,standard,east,True,TKT-358,0,0
CUST-000359,5.0,74.45,premium,west,False,TKT-359,0,0
CUST-000360,6.0,75.6,basic,north,True,TKT-360,1,1
CUST-000361,7.0,76.75,standard,south,False,TKT-361,0,0
CUST-000362,8.0,77.9,premium,east,True,TKT-362,0,0
CUST-000363,9.0,79.05,basic,west,False,TKT-363,0,0
CUST-000364,,80.2,standard,north,True,TKT-364,0,0
CUST-000365,11.0,81.35,premium,south,False,TKT-365,0,0
CUST-000366,12.0,82.5,basic,east,True,TKT-366,1,1
CUST-000367,13.0,83.65,standard,west,False,TKT-367,0,0
CUST-000368,14.0,84.8,premium,north,True,TKT-368,0,0
CUST-000369,15.0,85.95,basic,south,False,TKT-369,0,0
CUST-000370,16.0,87.1,standard,east,True,TKT-370,0,0
CUST-000371,17.0,88.25,premium,west,False,TKT-371,0,0
CUST-000372,18.0,89.4,basic,north,True,TKT-372,1,1
CUST-000373,19.0,90.55,standard,south,False,TKT-373,0,0
CUST-000374,20.0,91.7,premium,east,True,TKT-374,0,0
CUST-000375,21.0,92.85,basic,west,False,TKT-375,0,0
CUST-000376,22.0,94.0,standard,north,True,TKT-376,0,0
CUST-000377,,95.15,premium,south,False,TKT-377,0,0
CUST-000378,24.0,96.3,basic,east,True,TKT-378,1,1
CUST-000379,25.0,97.45,standard,west,False,TKT-379,0,0
CUST-000380,26.0,98.6,premium,north,True,TKT-0,0,0
CUST-000381,27.0,99.75,basic,south,False,TKT-1,0,0
CUST-000382,28.0,100.9,standard,east,True,TKT-2,0,0
CUST-000383,29.0,102.05,premium,west,False,TKT-3,0,0
CUST-000384,30.0,103.2,basic,north,True,TKT-4,1,1
CUST-000385,31.0,104.35,standard,south,False,TKT-5,0,0
CUST-000386,32.0,105.5,premium,east,True,TKT-6,0,0
CUST-000387,33.0,106.65,basic,west,False,TKT-7,0,0
CUST-000388,34.0,107.8,standard,north,True,TKT-8,0,0
CUST-000389,35.0,108.95,premium,south,False,TKT-9,0,0
CUST-000390,,110.1,basic,east,True,TKT-10,1,1
CUST-000391,37.0,111.25,standard,west,False,TKT-11,0,0
CUST-000392,38.0,112.4,premium,north,True,TKT-12,0,0
CUST-000393,39.0,113.55,basic,south,False,TKT-13,0,0
CUST-000394,40.0,114.7,standard,east,True,TKT-14,0,0
CUST-000395,41.0,25.0,premium,west,False,TKT-15,0,0
CUST-000396,42.0,26.15,basic,north,True,TKT-16,1,1
CUST-000397,43.0,27.3,standard,south,False,TKT-17,0,0
CUST-000398,44.0,28.45,premium,east,True,TKT-18,0,0
CUST-000399,45.0,29.6,basic,west,False,TKT-19,0,0
CUST-000400,46.0,30.75,standard,north,True,TKT-20,0,0
CUST-000401,47.0,31.9,premium,south,False,TKT-21,0,0
CUST-000402,48.0,33.05,basic,east,True,TKT-22,1,1
CUST-000403,,34.2,standard,west,False,TKT-23,0,0
CUST-000404,50.0,35.35,premium,north,True,TKT-24,0,0
CUST-000405,51.0,36.5,basic,south,False,TKT-25,0,0
CUST-000406,52.0,37.65,standard,east,True,TKT-26,0,0
CUST-000407,53.0,38.8,premium,west,False,TKT-27,0,0
CUST-000408,54.0,39.95,basic,north,True,TKT-28,1,1
CUST-000409,55.0,41.1,standard,south,False,TKT-29,0,0
CUST-000410,56.0,42.25,premium,east,True,TKT-30,0,0
CUST-000411,57.0,43.4,basic,west,False,TKT-31,0,0
CUST-000412,58.0,44.55,standard,north,True,TKT-32,0,0
CUST-000413,59.0,45.7,premium,south,False,TKT-33,0,0
CUST-000414,60.0,46.85,basic,east,True,TKT-34,1,1
CUST-000415,61.0,48.0,standard,west,False,TKT-35,0,0
CUST-000416,,49.15,premium,north,True,TKT-36,0,0
CUST-000417,63.0,50.3,basic,south,False,TKT-37,0,0
CUST-000418,64.0,51.45,standard,east,True,TKT-38,0,0
CUST-000419,65.0,52.6,premium,west,False,TKT-39,0,0
CUST-000420,66.0,53.75,basic,north,True,TKT-40,1,1
CUST-000421,67.0,54.9,standard,south,False,TKT-41,0,0
CUST-000422,68.0,56.05,premium,east,True,TKT-42,0,0
CUST-000423,69.0,57.2,basic,west,False,TKT-43,0,0
CUST-000424,70.0,58.35,standard,north,True,TKT-44,0,0
CUST-000425,71.0,59.5,premium,south,False,TKT-45,0,0
CUST-000426,1.0,60.65,basic,east,True,TKT-46,1,1
CUST-000427,2.0,61.8,standard,west,False,TKT-47,0,0
CUST-000428,3.0,62.95,premium,north,True,TKT-48,0,0
CUST-000429,,64.1,basic,south,False,TKT-49,0,0
CUST-000430,5.0,65.25,standard,east,True,TKT-50,0,0
CUST-000431,6.0,66.4,premium,west,False,TKT-51,0,0
CUST-000432,7.0,67.55,basic,north,True,TKT-52,1,1
CUST-000433,8.0,68.7,standard,south,False,TKT-53,0,0
CUST-000434,9.0,69.85,premium,east,True,TKT-54,0,0
CUST-000435,10.0,71.0,basic,west,False,TKT-55,0,0
CUST-000436,11.0,72.15,standard,north,True,TKT-56,0,0
CUST-000437,12.0,73.3,premium,south,False,TKT-57,0,0
CUST-000438,13.0,74.45,basic,east,True,TKT-58,1,1
CUST-000439,14.0,75.6,standard,west,False,TKT-59,0,0
CUST-000440,15.0,76.75,premium,north,True,TKT-60,0,0
CUST-000441,16.0,77.9,basic,south,False,TKT-61,0,0
CUST-000442,,79.05,standard,east,True,TKT-62,0,0
CUST-000443,18.0,80.2,premium,west,False,TKT-63,0,0
CUST-000444,19.0,81.35,basic,north,True,TKT-64,1,1
CUST-000445,20.0,82.5,standard,south,False,TKT-65,0,0
CUST-000446,21.0,83.65,premium,east,True,TKT-66,0,0
CUST-000447,22.0,84.8,basic,west,False,TKT-67,0,0
CUST-000448,23.0,85.95,standard,north,True,TKT-68,0,0
CUST-000449,24.0,87.1,premium,south,False,TKT-69,0,0
CUST-000450,25.0,88.25,basic,east,True,TKT-70,1,1
CUST-000451,26.0,89.4,standard,west,False,TKT-71,0,0
CUST-000452,27.0,90.55,premium,north,True,TKT-72,0,0
CUST-000453,28.0,91.7,basic,south,False,TKT-73,0,0
CUST-000454,29.0,92.85,standard,east,True,TKT-74,0,0
CUST-000455,,94.0,premium,west,False,TKT-75,0,0
CUST-000456,31.0,95.15,basic,north,True,TKT-76,1,1
CUST-000457,32.0,96.3,standard,south,False,TKT-77,0,0
CUST-000458,33.0,97.45,premium,east,True,TKT-78,0,0
CUST-000459,34.0,98.6,basic,west,False,TKT-79,0,0
CUST-000460,35.0,99.75,standard,north,True,TKT-80,0,0
CUST-000461,36.0,100.9,premium,south,False,TKT-81,0,0
CUST-000462,37.0,102.05,basic,east,True,TKT-82,1,1
CUST-000463,38.0,103.2,standard,west,False,TKT-83,0,0
CUST-000464,39.0,104.35,premium,north,True,TKT-84,0,0
CUST-000465,40.0,105.5,basic,south,False,TKT-85,0,0
CUST-000466,41.0,106.65,standard,east,True,TKT-86,0,0
CUST-000467,42.0,107.8,premium,west,False,TKT-87,0,0
CUST-000468,,108.95,basic,north,True,TKT-88,1,1
CUST-000469,44.0,110.1,standard,south,False,TKT-89,0,0
CUST-000470,45.0,111.25,premium,east,True,TKT-90,0,0
CUST-000471,46.0,112.4,basic,west,False,TKT-91,0,0
CUST-000472,47.0,113.55,standard,north,True,TKT-92,0,0
CUST-000473,48.0,114.7,premium,south,False,TKT-93,0,0
CUST-000474,49.0,25.0,basic,east,True,TKT-94,1,1
CUST-000475,50.0,26.15,standard,west,False,TKT-95,0,0
CUST-000476,51.0,27.3,premium,north,True,TKT-96,0,0
CUST-000477,52.0,28.45,basic,south,False,TKT-97,0,0
CUST-000478,53.0,29.6,standard,east,True,TKT-98,0,0
CUST-000479,54.0,30.75,premium,west,False,TKT-99,0,0
CUST-000480,55.0,31.9,basic,north,True,TKT-100,1,1
CUST-000481,,33.05,standard,south,False,TKT-101,0,0
CUST-000482,57.0,34.2,premium,east,True,TKT-102,0,0
CUST-000483,58.0,35.35,basic,west,False,TKT-103,0,0
CUST-000484,59.0,36.5,standard,north,True,TKT-104,0,0
CUST-000485,60.0,37.65,premium,south,False,TKT-105,0,0
CUST-000486,61.0,38.8,basic,east,True,TKT-106,1,1
CUST-000487,62.0,39.95,standard,west,False,TKT-107,0,0
CUST-000488,63.0,41.1,premium,north,True,TKT-108,0,0
CUST-000489,64.0,42.25,basic,south,False,TKT-109,0,0
CUST-000490,65.0,43.4,standard,east,True,TKT-110,0,0
CUST-000491,66.0,44.55,premium,west,False,TKT-111,0,0
CUST-000492,67.0,45.7,basic,north,True,TKT-112,1,1
CUST-000493,68.0,46.85,standard,south,False,TKT-113,0,0
CUST-000494,,48.0,premium,east,True,TKT-114,0,0
CUST-000495,70.0,49.15,basic,west,False,TKT-115,0,0
CUST-000496,71.0,50.3,standard,north,True,TKT-116,0,0
CUST-000497,1.0,51.45,premium,south,False,TKT-117,0,0
CUST-000498,2.0,52.6,basic,east,True,TKT-118,1,1
CUST-000499,3.0,53.75,standard,west,False,TKT-119,0,0
